,product,value,customer
0,['36298381'],[283.57762730470984],166000
1,"['32078795', '32078970', '32842551', '32078935']","[215.5980103587207, 179.82504180651014, 179.63390130187565, 46.630957100973724]",141734
2,['36298381'],[283.57762730470984],472985
3,"['31618321', '31618475', '32988382', '35609273', '34129942', '35609252', '31618405']","[410.0400223199819, 222.9675327068517, 209.9403676644521, 85.28509666770042, 52.49113365886005, 34.788990684693694, 33.91712771021427]",810960
4,"['31047450', '31047464']","[50.04485816878652, 40.49780994595678]",357426
5,"['35609273', '35609252']","[85.28509666770042, 34.788990684693694]",851600
6,['36298381'],[283.57762730470984],617414
7,"['32078795', '32078970', '32842551', '32078935']","[215.5980103587207, 179.82504180651014, 179.63390130187565, 46.630957100973724]",650427
8,"['31618321', '32988382', '31618475', '31618405', '34129942']","[410.0400223199819, 142.63741178984728, 98.74240426637577, 33.91712771021427, 13.078840080548325]",564404
9,"['31618321', '32988382', '31618475', '31618405', '34129942']","[410.0400223199819, 132.63339987139267, 89.84182140016723, 33.91712771021427, 13.078840080548325]",389870
10,"['32988382', '31618475']","[132.63339987139267, 89.84182140016723]",11009
11,"['31618321', '32988382', '31618475', '35609273', '34129942', '35609252', '31618405']","[410.0400223199819, 132.63339987139267, 89.84182140016723, 85.28509666770042, 52.49113365886005, 34.788990684693694, 33.91712771021427]",783108
12,"['32988382', '31618475']","[132.63339987139267, 89.84182140016723]",103384
13,['36298381'],[283.57762730470984],776886
14,['36298381'],[283.57762730470984],726017
15,"['32842551', '32078970', '32078795', '32079082', '32078935']","[182.36516456806467, 62.622532437596284, 40.017786856513304, 11.309078758771438, 1.8983611955475592]",648807
16,"['32842551', '32078970', '32078795', '32079082', '32078935']","[182.36516456806467, 62.622532437596284, 40.017786856513304, 11.309078758771438, 1.8983611955475592]",634246
17,"['36298381', '35609273', '35609252', '32078970']","[283.57762730470984, 85.28509666770042, 34.788990684693694, 19.940030652670576]",587149
18,"['36298381', '31047450', '31047464']","[283.57762730470984, 50.04485816878652, 40.49780994595678]",476785
19,"['32078795', '32842551', '32078970', '32079082', '32078935']","[203.95420668571163, 182.36516456806467, 62.622532437596284, 11.309078758771438, 1.8983611955475592]",668663
20,"['32078795', '32078970', '32842551', '32078935']","[215.5980103587207, 179.82504180651014, 179.63390130187565, 46.630957100973724]",643220
21,"['32988382', '31618475', '34129942']","[142.63741178984728, 98.74240426637577, 13.078840080548325]",477317
22,"['32078795', '32078970', '32842551', '32078935']","[215.5980103587207, 179.82504180651014, 179.63390130187565, 46.630957100973724]",584115
23,"['32078795', '32078970', '32842551', '32078935']","[215.5980103587207, 179.82504180651014, 179.63390130187565, 46.630957100973724]",617858
24,"['31618321', '32988382', '31618475', '31618405', '34129942']","[410.0400223199819, 142.63741178984728, 98.74240426637577, 33.91712771021427, 13.078840080548325]",554190
25,"['31618321', '32988382', '31618475', '31618405', '34129942']","[410.0400223199819, 132.63339987139267, 89.84182140016723, 33.91712771021427, 13.078840080548325]",127232
26,"['31618321', '32988382', '31618475', '31618405', '34129942']","[410.0400223199819, 132.63339987139267, 89.84182140016723, 33.91712771021427, 13.078840080548325]",108755
27,"['32078795', '32842551', '32078970', '32079082', '32078935']","[203.95420668571163, 182.36516456806467, 62.622532437596284, 11.309078758771438, 1.8983611955475592]",528591
28,"['31618321', '32988382', '31618475', '34129942', '31618405']","[410.0400223199819, 132.63339987139267, 89.84182140016723, 52.49113365886005, 33.91712771021427]",309130
29,"['31047450', '31047464']","[50.04485816878652, 40.49780994595678]",16929
30,"['32078970', '32078795', '35609273', '32842551', '35609252']","[528.9564844490574, 117.72593926855643, 85.28509666770042, 83.09635618345413, 34.788990684693694]",354587
31,['36298381'],[283.57762730470984],695006
32,"['35609273', '35609252']","[85.28509666770042, 34.788990684693694]",774145
33,"['32988382', '31618475', '35609273', '32078795', '35609252']","[132.63339987139267, 89.84182140016723, 85.28509666770042, 40.017786856513304, 34.788990684693694]",33536
34,"['36298381', '32078970', '32842551', '32078935', '32078795']","[283.57762730470984, 179.82504180651014, 179.63390130187565, 46.630957100973724, 40.017786856513304]",220189
35,"['31618321', '31618475', '32988382', '34129942', '31618405']","[410.0400223199819, 222.9675327068517, 209.9403676644521, 52.49113365886005, 33.91712771021427]",555196
36,"['31047450', '31047464']","[50.04485816878652, 40.49780994595678]",95043
37,"['32078795', '32842551', '32078970', '32079082', '32078935']","[203.95420668571163, 182.36516456806467, 62.622532437596284, 11.309078758771438, 1.8983611955475592]",725355
38,"['31618321', '32988382', '31618475', '31618405', '34129942']","[410.0400223199819, 132.63339987139267, 89.84182140016723, 33.91712771021427, 13.078840080548325]",535163
39,"['32842551', '32078970', '32078795', '32079082', '32078935']","[182.36516456806467, 62.622532437596284, 40.017786856513304, 11.309078758771438, 1.8983611955475592]",73838
40,"['32078795', '32078970', '32842551', '32078935']","[215.5980103587207, 179.82504180651014, 179.63390130187565, 46.630957100973724]",757986
41,"['35609273', '35609252']","[85.28509666770042, 34.788990684693694]",520472
42,"['32078795', '32078970', '32842551', '32078935']","[215.5980103587207, 179.82504180651014, 179.63390130187565, 46.630957100973724]",858819
43,"['32078795', '32842551', '32078970', '32079082', '32078935']","[203.95420668571163, 182.36516456806467, 62.622532437596284, 11.309078758771438, 1.8983611955475592]",345412
44,['36298381'],[283.57762730470984],567130
45,"['31618321', '32988382', '31618475', '31618405', '34129942']","[410.0400223199819, 132.63339987139267, 89.84182140016723, 33.91712771021427, 13.078840080548325]",796129
46,"['32988382', '31618475', '34129942']","[142.63741178984728, 98.74240426637577, 13.078840080548325]",88009
47,"['31047450', '31047464']","[50.04485816878652, 40.49780994595678]",145354
48,"['36298381', '35609273', '35609252']","[283.57762730470984, 85.28509666770042, 34.788990684693694]",657208
49,"['31047450', '31047464']","[50.04485816878652, 40.49780994595678]",534067
50,"['31047450', '31047464']","[50.04485816878652, 40.49780994595678]",443667
51,['36298381'],[283.57762730470984],446008
52,['36298381'],[283.57762730470984],265466
53,"['36298381', '31047450', '31047464']","[283.57762730470984, 50.04485816878652, 40.49780994595678]",694308
54,"['31618321', '31618475', '32988382', '34129942', '31618405']","[410.0400223199819, 222.9675327068517, 209.9403676644521, 52.49113365886005, 33.91712771021427]",140911
55,"['32078970', '31618321', '31618475', '32988382', '32078795', '32842551', '34129942', '31618405']","[528.9564844490574, 410.0400223199819, 222.9675327068517, 209.9403676644521, 117.72593926855643, 83.09635618345413, 52.49113365886005, 33.91712771021427]",605751
56,"['31618321', '32988382', '31618475', '31618405', '34129942']","[410.0400223199819, 132.63339987139267, 89.84182140016723, 33.91712771021427, 13.078840080548325]",664665
57,['32078970'],[19.940030652670576],803476
58,"['32078970', '32078795', '32842551', '32079082', '32078935']","[528.9564844490574, 117.72593926855643, 83.09635618345413, 11.309078758771438, 1.8983611955475592]",190125
59,"['32078795', '32078970', '32842551', '32078935', '32079082']","[215.5980103587207, 179.82504180651014, 179.63390130187565, 46.630957100973724, 11.309078758771438]",47821
60,"['36298381', '35609273', '35609252']","[283.57762730470984, 85.28509666770042, 34.788990684693694]",395187
61,"['31618321', '32988382', '31618475', '31618405', '34129942']","[410.0400223199819, 132.63339987139267, 89.84182140016723, 33.91712771021427, 13.078840080548325]",534029
62,"['36298381', '35609273', '35609252']","[283.57762730470984, 85.28509666770042, 34.788990684693694]",698543
63,"['31618321', '32988382', '31618475', '35609273', '35609252', '31618405', '34129942']","[410.0400223199819, 142.63741178984728, 98.74240426637577, 85.28509666770042, 34.788990684693694, 33.91712771021427, 13.078840080548325]",344722
64,['36298381'],[283.57762730470984],37932
65,"['32078795', '32078970', '32842551', '32078935']","[215.5980103587207, 179.82504180651014, 179.63390130187565, 46.630957100973724]",630562
66,"['31618321', '31618475', '32988382', '34129942', '31618405']","[410.0400223199819, 222.9675327068517, 209.9403676644521, 52.49113365886005, 33.91712771021427]",446016
67,"['36298381', '35609273', '35609252']","[283.57762730470984, 85.28509666770042, 34.788990684693694]",170176
68,['36298381'],[283.57762730470984],348478
69,"['32988382', '31618475', '34129942']","[142.63741178984728, 98.74240426637577, 13.078840080548325]",558725
70,"['31618321', '31618475', '32988382', '35609273', '34129942', '35609252', '31618405']","[410.0400223199819, 222.9675327068517, 209.9403676644521, 85.28509666770042, 52.49113365886005, 34.788990684693694, 33.91712771021427]",313732
71,"['32078795', '32842551', '32078970', '32079082', '32078935']","[203.95420668571163, 182.36516456806467, 62.622532437596284, 11.309078758771438, 1.8983611955475592]",687390
72,"['32078795', '32842551', '32078970', '32079082', '32078935']","[203.95420668571163, 182.36516456806467, 62.622532437596284, 11.309078758771438, 1.8983611955475592]",781040
73,['36298381'],[283.57762730470984],520369
74,"['36298381', '35609273', '35609252']","[283.57762730470984, 85.28509666770042, 34.788990684693694]",60067
75,"['35609273', '35609252']","[85.28509666770042, 34.788990684693694]",282317
76,"['32078970', '32078795', '32842551']","[528.9564844490574, 117.72593926855643, 83.09635618345413]",234504
77,['36298381'],[283.57762730470984],736632
78,"['36298381', '32988382', '31618475', '35609273', '35609252', '34129942']","[283.57762730470984, 142.63741178984728, 98.74240426637577, 85.28509666770042, 34.788990684693694, 13.078840080548325]",157390
79,"['35609273', '35609252']","[85.28509666770042, 34.788990684693694]",734470
80,"['31618321', '32988382', '31618475', '31618405', '34129942']","[410.0400223199819, 132.63339987139267, 89.84182140016723, 33.91712771021427, 13.078840080548325]",437272
81,"['32078970', '31618321', '31618475', '32988382', '32078795', '32842551', '34129942', '31618405']","[528.9564844490574, 410.0400223199819, 222.9675327068517, 209.9403676644521, 117.72593926855643, 83.09635618345413, 52.49113365886005, 33.91712771021427]",332146
82,"['31618321', '32988382', '31618475', '31618405', '34129942']","[410.0400223199819, 132.63339987139267, 89.84182140016723, 33.91712771021427, 13.078840080548325]",301662
83,"['32078795', '32078970', '32842551', '32078935']","[215.5980103587207, 179.82504180651014, 179.63390130187565, 46.630957100973724]",132392
84,"['32078795', '32078970', '32842551', '32078935']","[215.5980103587207, 179.82504180651014, 179.63390130187565, 46.630957100973724]",318869
85,"['31047450', '31047464']","[50.04485816878652, 40.49780994595678]",601765
86,['36298381'],[283.57762730470984],497827
87,"['36298381', '35609273', '35609252', '32078970']","[283.57762730470984, 85.28509666770042, 34.788990684693694, 19.940030652670576]",46563
88,"['31618321', '32078795', '32078970', '32842551', '32988382', '31618475', '32078935', '31618405', '34129942']","[410.0400223199819, 215.5980103587207, 179.82504180651014, 179.63390130187565, 142.63741178984728, 98.74240426637577, 46.630957100973724, 33.91712771021427, 13.078840080548325]",365372
89,"['32078970', '36298381', '32078795', '32842551']","[528.9564844490574, 283.57762730470984, 117.72593926855643, 83.09635618345413]",412220
90,"['31047450', '31047464']","[50.04485816878652, 40.49780994595678]",570867
91,['36298381'],[283.57762730470984],336232
92,"['31618321', '32988382', '31618475', '31618405', '34129942']","[410.0400223199819, 132.63339987139267, 89.84182140016723, 33.91712771021427, 13.078840080548325]",308098
93,"['35609273', '35609252']","[85.28509666770042, 34.788990684693694]",460334
94,"['31618321', '32988382', '31618475', '31618405', '34129942']","[410.0400223199819, 132.63339987139267, 89.84182140016723, 33.91712771021427, 13.078840080548325]",195173
95,"['32078795', '32078970', '32842551', '32078935']","[215.5980103587207, 179.82504180651014, 179.63390130187565, 46.630957100973724]",354849
96,"['31618321', '32988382', '31618475', '31618405', '34129942']","[410.0400223199819, 132.63339987139267, 89.84182140016723, 33.91712771021427, 13.078840080548325]",728291
97,"['31618321', '32988382', '31618475', '31618405', '34129942']","[410.0400223199819, 132.63339987139267, 89.84182140016723, 33.91712771021427, 13.078840080548325]",267561
98,"['32078795', '32078970', '32842551', '32988382', '31618475', '32078935', '34129942']","[215.5980103587207, 179.82504180651014, 179.63390130187565, 132.63339987139267, 89.84182140016723, 46.630957100973724, 13.078840080548325]",797545
99,"['32842551', '32078970', '32078795', '32079082', '32078935']","[182.36516456806467, 62.622532437596284, 40.017786856513304, 11.309078758771438, 1.8983611955475592]",786011
100,"['32078795', '32842551', '32078970', '32079082', '32078935']","[203.95420668571163, 182.36516456806467, 62.622532437596284, 11.309078758771438, 1.8983611955475592]",577101
101,"['32078795', '32078970', '32842551', '32078935']","[215.5980103587207, 179.82504180651014, 179.63390130187565, 46.630957100973724]",659558
102,"['32078795', '32842551', '32078970', '32079082', '32078935']","[203.95420668571163, 182.36516456806467, 62.622532437596284, 11.309078758771438, 1.8983611955475592]",642178
103,"['32078795', '32842551', '32078970', '32079082', '32078935']","[203.95420668571163, 182.36516456806467, 62.622532437596284, 11.309078758771438, 1.8983611955475592]",74323
104,['32078795'],[40.017786856513304],139487
105,"['31047450', '31047464']","[50.04485816878652, 40.49780994595678]",553748
106,"['32078970', '32842551', '32078935', '32078795']","[179.82504180651014, 179.63390130187565, 46.630957100973724, 40.017786856513304]",305033
107,"['32988382', '31618475', '34129942']","[142.63741178984728, 98.74240426637577, 13.078840080548325]",580326
108,"['32078795', '32842551', '32078970', '32079082', '32078935']","[203.95420668571163, 182.36516456806467, 62.622532437596284, 11.309078758771438, 1.8983611955475592]",27643
109,"['35609273', '35609252']","[85.28509666770042, 34.788990684693694]",456891
110,"['32078795', '32078970', '32842551', '32078935']","[215.5980103587207, 179.82504180651014, 179.63390130187565, 46.630957100973724]",599614
111,"['31618321', '31618475', '32988382', '34129942', '31618405']","[410.0400223199819, 222.9675327068517, 209.9403676644521, 52.49113365886005, 33.91712771021427]",39836
112,"['36298381', '31047450', '31047464']","[283.57762730470984, 50.04485816878652, 40.49780994595678]",566462
113,"['31618321', '32988382', '31618475', '31618405', '34129942']","[410.0400223199819, 132.63339987139267, 89.84182140016723, 33.91712771021427, 13.078840080548325]",550055
114,['36298381'],[283.57762730470984],94218
115,"['32078970', '31618321', '31618475', '32988382', '32078795', '32842551', '34129942', '31047450', '31047464', '31618405']","[528.9564844490574, 410.0400223199819, 222.9675327068517, 209.9403676644521, 117.72593926855643, 83.09635618345413, 52.49113365886005, 50.04485816878652, 40.49780994595678, 33.91712771021427]",62613
116,"['32842551', '32078970', '32078795', '32079082', '32078935']","[182.36516456806467, 62.622532437596284, 40.017786856513304, 11.309078758771438, 1.8983611955475592]",516798
117,"['32078795', '32842551', '32078970', '32079082', '32078935']","[203.95420668571163, 182.36516456806467, 62.622532437596284, 11.309078758771438, 1.8983611955475592]",656072
118,"['32078970', '32078795', '32842551', '32079082', '32078935']","[528.9564844490574, 117.72593926855643, 83.09635618345413, 11.309078758771438, 1.8983611955475592]",475953
119,"['31618321', '32988382', '31618475', '34129942', '32078795', '31618405']","[410.0400223199819, 132.63339987139267, 89.84182140016723, 52.49113365886005, 40.017786856513304, 33.91712771021427]",601154
120,"['32078970', '32078795', '35609273', '32842551', '35609252']","[528.9564844490574, 117.72593926855643, 85.28509666770042, 83.09635618345413, 34.788990684693694]",112289
121,"['31618321', '32988382', '31618475', '31047450', '31047464', '31618405', '34129942']","[410.0400223199819, 142.63741178984728, 98.74240426637577, 50.04485816878652, 40.49780994595678, 33.91712771021427, 13.078840080548325]",419528
122,"['32078795', '32842551', '32078970', '32079082', '32078935']","[203.95420668571163, 182.36516456806467, 62.622532437596284, 11.309078758771438, 1.8983611955475592]",325682
123,"['35609273', '35609252']","[85.28509666770042, 34.788990684693694]",47313
124,"['32078795', '32078970', '32842551', '35609273', '32078935', '35609252']","[215.5980103587207, 179.82504180651014, 179.63390130187565, 85.28509666770042, 46.630957100973724, 34.788990684693694]",839335
125,"['31618321', '31618475', '32988382', '34129942', '31618405']","[410.0400223199819, 222.9675327068517, 209.9403676644521, 52.49113365886005, 33.91712771021427]",877442
126,"['32078795', '32078970', '32842551', '32078935']","[215.5980103587207, 179.82504180651014, 179.63390130187565, 46.630957100973724]",738861
127,"['36298381', '32078795', '32078970', '32842551', '35609273', '32078935', '35609252']","[283.57762730470984, 215.5980103587207, 179.82504180651014, 179.63390130187565, 85.28509666770042, 46.630957100973724, 34.788990684693694]",653979
128,"['31618321', '36298381', '31618475', '32988382', '35609273', '34129942', '35609252', '31618405']","[410.0400223199819, 283.57762730470984, 222.9675327068517, 209.9403676644521, 85.28509666770042, 52.49113365886005, 34.788990684693694, 33.91712771021427]",621134
129,['32078795'],[40.017786856513304],421013
130,['36298381'],[283.57762730470984],291562
131,"['32988382', '31618475', '34129942']","[142.63741178984728, 98.74240426637577, 13.078840080548325]",408100
132,"['32078795', '32078970', '32842551', '32078935']","[215.5980103587207, 179.82504180651014, 179.63390130187565, 46.630957100973724]",446280
133,"['32842551', '32078795', '32078970', '32079082', '32078935']","[182.36516456806467, 40.017786856513304, 19.940030652670576, 11.309078758771438, 1.8983611955475592]",604137
134,"['31618321', '31618475', '32078795', '32988382', '32078970', '32842551', '34129942', '32078935', '31618405']","[410.0400223199819, 222.9675327068517, 215.5980103587207, 209.9403676644521, 179.82504180651014, 179.63390130187565, 52.49113365886005, 46.630957100973724, 33.91712771021427]",128404
135,['32078795'],[40.017786856513304],414970
136,"['32078795', '32842551', '32078970', '32079082', '32078935']","[203.95420668571163, 182.36516456806467, 62.622532437596284, 11.309078758771438, 1.8983611955475592]",39703
137,"['32078970', '32078795', '32842551']","[528.9564844490574, 117.72593926855643, 83.09635618345413]",589435
138,"['32988382', '31618475']","[132.63339987139267, 89.84182140016723]",142627
139,"['31618321', '31618475', '32988382', '34129942', '31618405']","[410.0400223199819, 222.9675327068517, 209.9403676644521, 52.49113365886005, 33.91712771021427]",628988
140,"['32988382', '31618475', '35609273', '35609252', '34129942']","[132.63339987139267, 89.84182140016723, 85.28509666770042, 34.788990684693694, 13.078840080548325]",400354
141,"['31618321', '32988382', '31618475', '31618405', '34129942']","[410.0400223199819, 132.63339987139267, 89.84182140016723, 33.91712771021427, 13.078840080548325]",27428
142,"['32078795', '32842551', '32078970', '32079082', '32078935']","[203.95420668571163, 182.36516456806467, 62.622532437596284, 11.309078758771438, 1.8983611955475592]",831898
143,"['32078795', '32842551', '32078970', '32079082', '32078935']","[203.95420668571163, 182.36516456806467, 62.622532437596284, 11.309078758771438, 1.8983611955475592]",593904
144,"['32078970', '31618321', '31618475', '32988382', '32078795', '32842551', '34129942', '31618405']","[528.9564844490574, 410.0400223199819, 222.9675327068517, 209.9403676644521, 117.72593926855643, 83.09635618345413, 52.49113365886005, 33.91712771021427]",203750
145,"['31618321', '32988382', '31618475', '31618405', '34129942']","[410.0400223199819, 132.63339987139267, 89.84182140016723, 33.91712771021427, 13.078840080548325]",676096
146,"['31618321', '32988382', '31618475', '31618405', '34129942']","[410.0400223199819, 132.63339987139267, 89.84182140016723, 33.91712771021427, 13.078840080548325]",295066
147,"['31047450', '31047464']","[50.04485816878652, 40.49780994595678]",417139
148,"['32988382', '31618475', '34129942']","[142.63741178984728, 98.74240426637577, 13.078840080548325]",629097
149,"['36298381', '32078795', '32842551', '32078935', '32078970']","[283.57762730470984, 215.5980103587207, 179.63390130187565, 46.630957100973724, 19.940030652670576]",2344
150,"['35609273', '35609252']","[85.28509666770042, 34.788990684693694]",487597
151,"['36298381', '32988382', '31618475']","[283.57762730470984, 132.63339987139267, 89.84182140016723]",398832
152,"['32078795', '32842551', '32078970', '32079082', '32078935']","[203.95420668571163, 182.36516456806467, 62.622532437596284, 11.309078758771438, 1.8983611955475592]",70749
153,"['32988382', '31618475', '34129942']","[142.63741178984728, 98.74240426637577, 13.078840080548325]",663543
154,"['32078795', '32842551', '32078970', '32079082', '32078935']","[203.95420668571163, 182.36516456806467, 62.622532437596284, 11.309078758771438, 1.8983611955475592]",687190
155,"['32078795', '32078970', '32842551', '31047450', '32078935', '31047464']","[215.5980103587207, 179.82504180651014, 179.63390130187565, 50.04485816878652, 46.630957100973724, 40.49780994595678]",700997
156,"['32078795', '32842551', '32078970', '32079082', '32078935']","[203.95420668571163, 182.36516456806467, 62.622532437596284, 11.309078758771438, 1.8983611955475592]",158134
157,['36298381'],[283.57762730470984],365339
158,"['32842551', '32078970', '32078795', '32079082', '32078935']","[182.36516456806467, 62.622532437596284, 40.017786856513304, 11.309078758771438, 1.8983611955475592]",287145
159,"['32078795', '32842551', '32078970', '32079082', '32078935']","[203.95420668571163, 182.36516456806467, 62.622532437596284, 11.309078758771438, 1.8983611955475592]",712265
160,"['32842551', '32078970', '32078795', '32079082', '32078935']","[182.36516456806467, 62.622532437596284, 40.017786856513304, 11.309078758771438, 1.8983611955475592]",442101
161,['32078795'],[40.017786856513304],260177
162,"['31618321', '32988382', '31618475', '31618405', '34129942']","[410.0400223199819, 132.63339987139267, 89.84182140016723, 33.91712771021427, 13.078840080548325]",219437
163,"['32078795', '32078970', '32842551', '31047450', '32078935', '31047464']","[215.5980103587207, 179.82504180651014, 179.63390130187565, 50.04485816878652, 46.630957100973724, 40.49780994595678]",612498
164,"['31618321', '32988382', '31618475', '31618405', '34129942']","[410.0400223199819, 132.63339987139267, 89.84182140016723, 33.91712771021427, 13.078840080548325]",537984
165,"['32078970', '32078795', '35609273', '32842551', '35609252']","[528.9564844490574, 117.72593926855643, 85.28509666770042, 83.09635618345413, 34.788990684693694]",72025
166,"['31618321', '36298381', '31618475', '32988382', '35609273', '34129942', '35609252', '31618405']","[410.0400223199819, 283.57762730470984, 222.9675327068517, 209.9403676644521, 85.28509666770042, 52.49113365886005, 34.788990684693694, 33.91712771021427]",467093
167,"['32078795', '32842551', '32078970', '32079082', '32078935']","[203.95420668571163, 182.36516456806467, 62.622532437596284, 11.309078758771438, 1.8983611955475592]",408216
168,"['36298381', '35609273', '35609252']","[283.57762730470984, 85.28509666770042, 34.788990684693694]",628259
169,"['32988382', '31618475', '34129942']","[132.63339987139267, 89.84182140016723, 13.078840080548325]",870758
170,"['32988382', '31618475', '35609273', '35609252', '34129942']","[132.63339987139267, 89.84182140016723, 85.28509666770042, 34.788990684693694, 13.078840080548325]",85885
171,"['32078795', '32842551', '32078935', '32078970']","[215.5980103587207, 179.63390130187565, 46.630957100973724, 19.940030652670576]",468887
172,"['32842551', '32078970', '32078795', '32079082', '32078935']","[182.36516456806467, 62.622532437596284, 40.017786856513304, 11.309078758771438, 1.8983611955475592]",447486
173,"['31618321', '32988382', '31618475', '35609273', '34129942', '35609252', '31618405']","[410.0400223199819, 132.63339987139267, 89.84182140016723, 85.28509666770042, 52.49113365886005, 34.788990684693694, 33.91712771021427]",577124
174,"['32988382', '31618475']","[132.63339987139267, 89.84182140016723]",621694
175,"['31618321', '32988382', '31618475', '35609273', '35609252', '31618405', '34129942']","[410.0400223199819, 142.63741178984728, 98.74240426637577, 85.28509666770042, 34.788990684693694, 33.91712771021427, 13.078840080548325]",609611
176,"['35609273', '35609252']","[85.28509666770042, 34.788990684693694]",511194
177,"['32078970', '32078795', '32842551']","[528.9564844490574, 117.72593926855643, 83.09635618345413]",150913
178,"['32988382', '31618475', '34129942']","[132.63339987139267, 89.84182140016723, 13.078840080548325]",436048
179,"['32078970', '32078795', '32842551']","[528.9564844490574, 117.72593926855643, 83.09635618345413]",761556
180,"['31618321', '32988382', '31618475', '31618405', '34129942']","[410.0400223199819, 142.63741178984728, 98.74240426637577, 33.91712771021427, 13.078840080548325]",34680
181,"['31618321', '31618475', '32988382', '34129942', '31618405']","[410.0400223199819, 222.9675327068517, 209.9403676644521, 52.49113365886005, 33.91712771021427]",559560
182,"['35609273', '35609252']","[85.28509666770042, 34.788990684693694]",780963
183,"['32842551', '32078970', '32078795', '32079082', '32078935']","[182.36516456806467, 62.622532437596284, 40.017786856513304, 11.309078758771438, 1.8983611955475592]",216101
184,"['32078795', '32078970', '32842551', '32078935']","[215.5980103587207, 179.82504180651014, 179.63390130187565, 46.630957100973724]",57464
185,"['32078970', '32078795', '32842551']","[528.9564844490574, 117.72593926855643, 83.09635618345413]",139382
186,"['32988382', '31618475', '32078970', '34129942']","[132.63339987139267, 89.84182140016723, 19.940030652670576, 13.078840080548325]",81585
187,"['32078795', '32842551', '32078970', '32079082', '32078935']","[203.95420668571163, 182.36516456806467, 62.622532437596284, 11.309078758771438, 1.8983611955475592]",629034
188,['36298381'],[283.57762730470984],514972
189,"['32078795', '32842551', '35609273', '32078970', '35609252', '32079082', '32078935']","[203.95420668571163, 182.36516456806467, 85.28509666770042, 62.622532437596284, 34.788990684693694, 11.309078758771438, 1.8983611955475592]",222993
190,"['31047450', '31047464']","[50.04485816878652, 40.49780994595678]",300728
191,"['32988382', '31618475', '35609273', '35609252']","[132.63339987139267, 89.84182140016723, 85.28509666770042, 34.788990684693694]",608552
192,"['31618321', '32988382', '31618475', '31618405', '34129942']","[410.0400223199819, 132.63339987139267, 89.84182140016723, 33.91712771021427, 13.078840080548325]",487557
193,"['36298381', '31047450', '31047464']","[283.57762730470984, 50.04485816878652, 40.49780994595678]",198763
194,"['35609273', '35609252']","[85.28509666770042, 34.788990684693694]",97386
195,"['36298381', '35609273', '35609252']","[283.57762730470984, 85.28509666770042, 34.788990684693694]",444553
196,"['32078970', '32078795', '32842551']","[528.9564844490574, 117.72593926855643, 83.09635618345413]",563016
197,"['35609273', '35609252']","[85.28509666770042, 34.788990684693694]",449583
198,"['36298381', '35609273', '35609252']","[283.57762730470984, 85.28509666770042, 34.788990684693694]",259812
199,"['35609273', '35609252']","[85.28509666770042, 34.788990684693694]",509545
200,"['36298381', '35609273', '31047450', '31047464', '35609252']","[283.57762730470984, 85.28509666770042, 50.04485816878652, 40.49780994595678, 34.788990684693694]",196234
201,"['32078795', '32078970', '32842551', '32078935']","[215.5980103587207, 179.82504180651014, 179.63390130187565, 46.630957100973724]",360804
202,"['35609273', '35609252']","[85.28509666770042, 34.788990684693694]",233418
203,['32078795'],[40.017786856513304],660629
204,"['31047450', '31047464']","[50.04485816878652, 40.49780994595678]",451305
205,"['36298381', '35609273', '35609252']","[283.57762730470984, 85.28509666770042, 34.788990684693694]",671954
206,"['31618321', '36298381', '32988382', '31618475', '31618405', '34129942']","[410.0400223199819, 283.57762730470984, 142.63741178984728, 98.74240426637577, 33.91712771021427, 13.078840080548325]",396547
207,"['32078795', '32842551', '32078970', '32079082', '32078935']","[203.95420668571163, 182.36516456806467, 62.622532437596284, 11.309078758771438, 1.8983611955475592]",404938
208,"['32078795', '32078970', '32842551', '32078935']","[215.5980103587207, 179.82504180651014, 179.63390130187565, 46.630957100973724]",613496
209,"['31618321', '31618475', '32988382', '35609273', '34129942', '35609252', '31618405']","[410.0400223199819, 222.9675327068517, 209.9403676644521, 85.28509666770042, 52.49113365886005, 34.788990684693694, 33.91712771021427]",457589
210,"['32988382', '31618475']","[132.63339987139267, 89.84182140016723]",619489
211,"['31618321', '36298381', '32988382', '31618475', '31618405', '34129942']","[410.0400223199819, 283.57762730470984, 142.63741178984728, 98.74240426637577, 33.91712771021427, 13.078840080548325]",574017
212,"['32078970', '36298381', '32078795', '32842551']","[528.9564844490574, 283.57762730470984, 117.72593926855643, 83.09635618345413]",62353
213,"['31047450', '31047464']","[50.04485816878652, 40.49780994595678]",390593
214,"['32078795', '32842551', '32078970', '32079082', '32078935']","[203.95420668571163, 182.36516456806467, 62.622532437596284, 11.309078758771438, 1.8983611955475592]",81184
215,"['32078970', '32078795', '32842551']","[528.9564844490574, 117.72593926855643, 83.09635618345413]",166080
216,"['36298381', '35609273', '35609252', '32078970']","[283.57762730470984, 85.28509666770042, 34.788990684693694, 19.940030652670576]",387595
217,"['31618321', '32988382', '31618475', '31618405', '34129942']","[410.0400223199819, 132.63339987139267, 89.84182140016723, 33.91712771021427, 13.078840080548325]",587354
218,"['32078970', '32078795', '32842551', '32078935']","[528.9564844490574, 117.72593926855643, 83.09635618345413, 46.630957100973724]",428454
219,"['35609273', '35609252']","[85.28509666770042, 34.788990684693694]",209137
220,"['32078795', '32078970', '32842551', '32078935']","[215.5980103587207, 179.82504180651014, 179.63390130187565, 46.630957100973724]",101970
221,"['32078795', '32078970', '32842551', '32078935']","[215.5980103587207, 179.82504180651014, 179.63390130187565, 46.630957100973724]",56936
222,"['31618321', '32988382', '31618475', '31618405', '34129942']","[410.0400223199819, 132.63339987139267, 89.84182140016723, 33.91712771021427, 13.078840080548325]",191921
223,"['32078970', '32078795', '32842551']","[528.9564844490574, 117.72593926855643, 83.09635618345413]",21125
224,"['35609273', '35609252']","[85.28509666770042, 34.788990684693694]",519884
225,"['32078795', '32842551', '32078970', '32079082', '32078935']","[203.95420668571163, 182.36516456806467, 62.622532437596284, 11.309078758771438, 1.8983611955475592]",682512
226,"['32078795', '32842551', '35609273', '32078970', '35609252', '32079082', '32078935']","[203.95420668571163, 182.36516456806467, 85.28509666770042, 62.622532437596284, 34.788990684693694, 11.309078758771438, 1.8983611955475592]",82480
227,"['32988382', '31618475', '31047450', '31047464', '34129942']","[142.63741178984728, 98.74240426637577, 50.04485816878652, 40.49780994595678, 13.078840080548325]",704503
228,"['35609273', '35609252']","[85.28509666770042, 34.788990684693694]",353815
229,['36298381'],[283.57762730470984],530877
230,"['35609273', '35609252']","[85.28509666770042, 34.788990684693694]",147457
231,"['36298381', '35609273', '35609252', '32078970']","[283.57762730470984, 85.28509666770042, 34.788990684693694, 19.940030652670576]",476117
232,"['31047450', '31047464']","[50.04485816878652, 40.49780994595678]",620855
233,"['36298381', '35609273', '35609252']","[283.57762730470984, 85.28509666770042, 34.788990684693694]",471314
234,"['31618321', '31618475', '32988382', '34129942', '31618405']","[410.0400223199819, 222.9675327068517, 209.9403676644521, 52.49113365886005, 33.91712771021427]",598840
235,"['32078795', '32842551', '32078970', '32079082', '32078935']","[203.95420668571163, 182.36516456806467, 19.940030652670576, 11.309078758771438, 1.8983611955475592]",643011
236,"['31618321', '32988382', '31618475', '31618405', '34129942']","[410.0400223199819, 132.63339987139267, 89.84182140016723, 33.91712771021427, 13.078840080548325]",100571
237,['32078795'],[40.017786856513304],68467
238,"['31047450', '31047464']","[50.04485816878652, 40.49780994595678]",625991
239,"['31618321', '32988382', '31618475', '35609273', '35609252', '31618405', '34129942']","[410.0400223199819, 142.63741178984728, 98.74240426637577, 85.28509666770042, 34.788990684693694, 33.91712771021427, 13.078840080548325]",6955
240,"['31618321', '31618475', '32988382', '35609273', '34129942', '35609252', '31618405']","[410.0400223199819, 222.9675327068517, 209.9403676644521, 85.28509666770042, 52.49113365886005, 34.788990684693694, 33.91712771021427]",648852
241,"['32078795', '32842551', '32078970', '32079082', '32078935']","[203.95420668571163, 182.36516456806467, 62.622532437596284, 11.309078758771438, 1.8983611955475592]",607448
242,"['31047450', '31047464']","[50.04485816878652, 40.49780994595678]",432094
243,"['32078970', '32078795', '32842551', '31047450', '31047464']","[528.9564844490574, 117.72593926855643, 83.09635618345413, 50.04485816878652, 40.49780994595678]",719026
244,['36298381'],[283.57762730470984],262409
245,"['31618321', '32988382', '31618475', '31618405', '34129942']","[410.0400223199819, 132.63339987139267, 89.84182140016723, 33.91712771021427, 13.078840080548325]",658882
246,"['35609273', '35609252']","[85.28509666770042, 34.788990684693694]",831357
247,['32078970'],[19.940030652670576],43165
248,"['31618321', '36298381', '32988382', '31618475', '31618405', '34129942']","[410.0400223199819, 283.57762730470984, 142.63741178984728, 98.74240426637577, 33.91712771021427, 13.078840080548325]",313146
249,"['32078795', '32842551', '32078970', '32079082', '32078935']","[203.95420668571163, 182.36516456806467, 62.622532437596284, 11.309078758771438, 1.8983611955475592]",452600
250,"['31618321', '32988382', '31618475', '34129942', '31047450', '31047464', '31618405']","[410.0400223199819, 132.63339987139267, 89.84182140016723, 52.49113365886005, 50.04485816878652, 40.49780994595678, 33.91712771021427]",84570
251,['36298381'],[283.57762730470984],89117
252,"['32078795', '32842551', '32078970', '32079082', '32078935']","[203.95420668571163, 182.36516456806467, 62.622532437596284, 11.309078758771438, 1.8983611955475592]",418330
253,"['36298381', '32988382', '31618475']","[283.57762730470984, 132.63339987139267, 89.84182140016723]",32605
254,"['31047450', '31047464']","[50.04485816878652, 40.49780994595678]",502654
255,"['32078970', '32842551', '31047450', '32078935', '31047464', '32078795']","[179.82504180651014, 179.63390130187565, 50.04485816878652, 46.630957100973724, 40.49780994595678, 40.017786856513304]",701409
256,"['31618321', '31618475', '32988382', '34129942', '31618405']","[410.0400223199819, 222.9675327068517, 209.9403676644521, 52.49113365886005, 33.91712771021427]",410033
257,"['31047450', '31047464']","[50.04485816878652, 40.49780994595678]",744622
258,"['32078795', '32078970', '32842551', '31047450', '32078935', '31047464']","[215.5980103587207, 179.82504180651014, 179.63390130187565, 50.04485816878652, 46.630957100973724, 40.49780994595678]",107023
259,"['31618321', '31618475', '32988382', '34129942', '31618405']","[410.0400223199819, 222.9675327068517, 209.9403676644521, 52.49113365886005, 33.91712771021427]",547851
260,"['36298381', '32078795', '32078970', '32842551', '32078935']","[283.57762730470984, 215.5980103587207, 179.82504180651014, 179.63390130187565, 46.630957100973724]",97321
261,"['32988382', '31618475', '34129942']","[142.63741178984728, 98.74240426637577, 13.078840080548325]",70821
262,"['32078970', '32078795', '32842551']","[528.9564844490574, 117.72593926855643, 83.09635618345413]",272873
263,"['35609273', '31047450', '31047464', '35609252']","[85.28509666770042, 50.04485816878652, 40.49780994595678, 34.788990684693694]",777737
264,"['31047450', '31047464']","[50.04485816878652, 40.49780994595678]",823755
265,"['31618321', '32988382', '31618475', '34129942', '31618405']","[410.0400223199819, 132.63339987139267, 89.84182140016723, 52.49113365886005, 33.91712771021427]",811259
266,"['32078970', '32078795', '32842551']","[528.9564844490574, 117.72593926855643, 83.09635618345413]",480972
267,"['32988382', '31618475', '34129942']","[132.63339987139267, 89.84182140016723, 13.078840080548325]",591487
268,"['32078970', '32078795', '32842551']","[528.9564844490574, 117.72593926855643, 83.09635618345413]",733001
269,"['32988382', '31618475']","[132.63339987139267, 89.84182140016723]",289786
270,"['31618321', '31618475', '32988382', '34129942', '31618405']","[410.0400223199819, 222.9675327068517, 209.9403676644521, 52.49113365886005, 33.91712771021427]",497511
271,"['31047450', '31047464']","[50.04485816878652, 40.49780994595678]",624561
272,"['32078795', '32842551', '32078970', '32079082', '32078935']","[203.95420668571163, 182.36516456806467, 62.622532437596284, 11.309078758771438, 1.8983611955475592]",412439
273,"['32078970', '32078795', '32842551', '32078935']","[528.9564844490574, 117.72593926855643, 83.09635618345413, 46.630957100973724]",600415
274,"['32078970', '32078795', '32842551', '32079082', '32078935']","[528.9564844490574, 117.72593926855643, 83.09635618345413, 11.309078758771438, 1.8983611955475592]",678893
275,"['32988382', '31618475', '34129942']","[132.63339987139267, 89.84182140016723, 13.078840080548325]",755985
276,"['32078970', '32078795', '35609273', '32842551', '35609252']","[528.9564844490574, 117.72593926855643, 85.28509666770042, 83.09635618345413, 34.788990684693694]",422469
277,"['35609273', '35609252']","[85.28509666770042, 34.788990684693694]",708099
278,"['36298381', '31047450', '31047464']","[283.57762730470984, 50.04485816878652, 40.49780994595678]",416959
279,"['36298381', '32078970']","[283.57762730470984, 19.940030652670576]",779861
280,"['32842551', '32078970', '32078795', '32079082', '32078935']","[182.36516456806467, 62.622532437596284, 40.017786856513304, 11.309078758771438, 1.8983611955475592]",209512
281,"['32078795', '32078970', '32842551', '32078935']","[215.5980103587207, 179.82504180651014, 179.63390130187565, 46.630957100973724]",129464
282,"['32078795', '32842551', '32078970', '32079082', '32078935']","[203.95420668571163, 182.36516456806467, 62.622532437596284, 11.309078758771438, 1.8983611955475592]",540183
283,"['32078795', '32842551', '32078970', '32079082', '32078935']","[203.95420668571163, 182.36516456806467, 62.622532437596284, 11.309078758771438, 1.8983611955475592]",442324
284,"['32988382', '31618475']","[132.63339987139267, 89.84182140016723]",387381
285,"['31618321', '31618475', '32988382', '34129942', '31618405']","[410.0400223199819, 222.9675327068517, 209.9403676644521, 52.49113365886005, 33.91712771021427]",41063
286,"['32078795', '32842551', '32078970', '32079082', '32078935']","[203.95420668571163, 182.36516456806467, 62.622532437596284, 11.309078758771438, 1.8983611955475592]",93405
287,"['31047450', '31047464']","[50.04485816878652, 40.49780994595678]",244531
288,"['32988382', '31618475', '34129942']","[142.63741178984728, 98.74240426637577, 13.078840080548325]",652023
289,"['31047450', '31047464']","[50.04485816878652, 40.49780994595678]",781921
290,"['35609273', '35609252']","[85.28509666770042, 34.788990684693694]",683923
291,"['32078795', '32842551', '35609273', '32078970', '35609252', '32079082', '32078935']","[203.95420668571163, 182.36516456806467, 85.28509666770042, 62.622532437596284, 34.788990684693694, 11.309078758771438, 1.8983611955475592]",282345
292,"['31047450', '31047464']","[50.04485816878652, 40.49780994595678]",34753
293,"['31047450', '31047464']","[50.04485816878652, 40.49780994595678]",6629
294,"['31618321', '31618475', '32988382', '34129942', '31618405']","[410.0400223199819, 222.9675327068517, 209.9403676644521, 52.49113365886005, 33.91712771021427]",642497
295,"['31047450', '31047464']","[50.04485816878652, 40.49780994595678]",510307
296,"['32988382', '31618475', '34129942']","[142.63741178984728, 98.74240426637577, 13.078840080548325]",191979
297,"['32078970', '32842551', '32078935', '32078795']","[179.82504180651014, 179.63390130187565, 46.630957100973724, 40.017786856513304]",233541
298,"['31047450', '31047464']","[50.04485816878652, 40.49780994595678]",823739
299,"['31047450', '31047464']","[50.04485816878652, 40.49780994595678]",388768
300,"['32078795', '32842551', '32078970', '31047450', '31047464', '32079082', '32078935']","[203.95420668571163, 182.36516456806467, 62.622532437596284, 50.04485816878652, 40.49780994595678, 11.309078758771438, 1.8983611955475592]",275891
301,['32078795'],[40.017786856513304],237827
302,"['32078795', '32842551', '32078970', '32079082', '32078935']","[203.95420668571163, 182.36516456806467, 62.622532437596284, 11.309078758771438, 1.8983611955475592]",156303
303,"['31618321', '31618475', '32988382', '35609273', '34129942', '35609252', '31618405']","[410.0400223199819, 222.9675327068517, 209.9403676644521, 85.28509666770042, 52.49113365886005, 34.788990684693694, 33.91712771021427]",116992
304,['32078795'],[40.017786856513304],609417
305,"['31618321', '31618475', '32988382', '34129942', '31618405']","[410.0400223199819, 222.9675327068517, 209.9403676644521, 52.49113365886005, 33.91712771021427]",627358
306,['32078795'],[40.017786856513304],536804
307,"['32078795', '32842551', '32078970', '32079082', '32078935']","[203.95420668571163, 182.36516456806467, 62.622532437596284, 11.309078758771438, 1.8983611955475592]",30444
308,"['32078970', '32078795', '32842551', '32079082', '32078935']","[528.9564844490574, 117.72593926855643, 83.09635618345413, 11.309078758771438, 1.8983611955475592]",789819
309,"['31047450', '31047464']","[50.04485816878652, 40.49780994595678]",445173
310,"['32988382', '31618475']","[132.63339987139267, 89.84182140016723]",518815
311,"['35609273', '35609252']","[85.28509666770042, 34.788990684693694]",236950
312,"['32078970', '32078795', '32842551', '31047450', '31047464']","[528.9564844490574, 117.72593926855643, 83.09635618345413, 50.04485816878652, 40.49780994595678]",771245
313,"['31047450', '31047464']","[50.04485816878652, 40.49780994595678]",594954
314,"['32842551', '32078970', '32078795', '32079082', '32078935']","[182.36516456806467, 62.622532437596284, 40.017786856513304, 11.309078758771438, 1.8983611955475592]",399259
315,"['32078970', '32078795', '32842551']","[528.9564844490574, 117.72593926855643, 83.09635618345413]",591752
316,"['31618321', '36298381', '31618475', '32988382', '35609273', '34129942', '35609252', '31618405']","[410.0400223199819, 283.57762730470984, 222.9675327068517, 209.9403676644521, 85.28509666770042, 52.49113365886005, 34.788990684693694, 33.91712771021427]",206459
317,"['31047450', '31047464']","[50.04485816878652, 40.49780994595678]",436398
318,"['31047450', '31047464']","[50.04485816878652, 40.49780994595678]",716985
319,"['32988382', '31618475', '35609273', '35609252', '34129942']","[132.63339987139267, 89.84182140016723, 85.28509666770042, 34.788990684693694, 13.078840080548325]",380625
320,"['35609273', '35609252']","[85.28509666770042, 34.788990684693694]",13976
321,"['32988382', '31618475', '31047450', '31047464', '34129942']","[132.63339987139267, 89.84182140016723, 50.04485816878652, 40.49780994595678, 13.078840080548325]",278054
322,"['31618321', '32988382', '31618475', '31618405', '34129942']","[410.0400223199819, 132.63339987139267, 89.84182140016723, 33.91712771021427, 13.078840080548325]",383135
323,['32078795'],[40.017786856513304],551716
324,"['35609273', '35609252']","[85.28509666770042, 34.788990684693694]",638284
325,"['35609273', '31047450', '31047464', '35609252']","[85.28509666770042, 50.04485816878652, 40.49780994595678, 34.788990684693694]",532999
326,"['31618321', '31618475', '32078795', '32988382', '32078970', '32842551', '34129942', '32078935', '31618405']","[410.0400223199819, 222.9675327068517, 215.5980103587207, 209.9403676644521, 179.82504180651014, 179.63390130187565, 52.49113365886005, 46.630957100973724, 33.91712771021427]",251051
327,"['32078970', '32078795', '32842551']","[528.9564844490574, 117.72593926855643, 83.09635618345413]",374525
328,"['31618321', '32988382', '31618475', '31618405', '34129942']","[410.0400223199819, 142.63741178984728, 98.74240426637577, 33.91712771021427, 13.078840080548325]",32210
329,"['31047450', '31047464']","[50.04485816878652, 40.49780994595678]",268205
330,"['31618321', '32988382', '31618475', '34129942', '31618405']","[410.0400223199819, 132.63339987139267, 89.84182140016723, 52.49113365886005, 33.91712771021427]",365898
331,"['35609273', '35609252']","[85.28509666770042, 34.788990684693694]",89214
332,"['32078970', '32988382', '32078795', '31618475', '32842551']","[528.9564844490574, 132.63339987139267, 117.72593926855643, 89.84182140016723, 83.09635618345413]",102738
333,"['32078795', '32842551', '32078970', '32079082', '32078935']","[203.95420668571163, 182.36516456806467, 62.622532437596284, 11.309078758771438, 1.8983611955475592]",37323
334,"['32988382', '31618475', '31047450', '31047464', '34129942']","[142.63741178984728, 98.74240426637577, 50.04485816878652, 40.49780994595678, 13.078840080548325]",302259
335,"['31618321', '32988382', '31618475', '31618405', '34129942']","[410.0400223199819, 132.63339987139267, 89.84182140016723, 33.91712771021427, 13.078840080548325]",649001
336,"['31047450', '31047464']","[50.04485816878652, 40.49780994595678]",841828
337,"['31618321', '31618475', '32988382', '35609273', '34129942', '35609252', '31618405']","[410.0400223199819, 222.9675327068517, 209.9403676644521, 85.28509666770042, 52.49113365886005, 34.788990684693694, 33.91712771021427]",287463
338,"['32078795', '32842551', '32078970', '32079082', '32078935']","[203.95420668571163, 182.36516456806467, 62.622532437596284, 11.309078758771438, 1.8983611955475592]",640295
339,"['32078795', '32842551', '32078970']","[117.72593926855643, 83.09635618345413, 19.940030652670576]",606378
340,"['32078970', '32842551', '32078795']","[528.9564844490574, 83.09635618345413, 40.017786856513304]",726084
341,"['35609273', '35609252']","[85.28509666770042, 34.788990684693694]",160168
342,"['32078795', '32842551', '32078970', '32079082', '32078935']","[203.95420668571163, 182.36516456806467, 62.622532437596284, 11.309078758771438, 1.8983611955475592]",664596
343,"['31618321', '31618475', '32988382', '34129942', '31618405']","[410.0400223199819, 222.9675327068517, 209.9403676644521, 52.49113365886005, 33.91712771021427]",473138
344,"['32988382', '31618475', '34129942']","[142.63741178984728, 98.74240426637577, 13.078840080548325]",181409
345,['32078970'],[19.940030652670576],630973
346,"['31618321', '32988382', '31618475', '35609273', '35609252', '31618405', '34129942']","[410.0400223199819, 142.63741178984728, 98.74240426637577, 85.28509666770042, 34.788990684693694, 33.91712771021427, 13.078840080548325]",439275
347,"['31047450', '31047464']","[50.04485816878652, 40.49780994595678]",247454
348,"['32078970', '32078795', '32842551']","[528.9564844490574, 117.72593926855643, 83.09635618345413]",518666
349,"['32988382', '31618475', '35609273', '35609252']","[132.63339987139267, 89.84182140016723, 85.28509666770042, 34.788990684693694]",589206
350,"['31618321', '31618475', '32988382', '34129942', '31618405']","[410.0400223199819, 222.9675327068517, 209.9403676644521, 52.49113365886005, 33.91712771021427]",742828
351,"['32078795', '32842551', '32078970', '32079082', '32078935']","[203.95420668571163, 182.36516456806467, 62.622532437596284, 11.309078758771438, 1.8983611955475592]",397717
352,['36298381'],[283.57762730470984],711234
353,"['31618321', '32988382', '31618475', '31618405', '34129942']","[410.0400223199819, 132.63339987139267, 89.84182140016723, 33.91712771021427, 13.078840080548325]",1140
354,"['31047450', '31047464']","[50.04485816878652, 40.49780994595678]",320495
355,"['32988382', '31618475', '32078795', '34129942']","[142.63741178984728, 98.74240426637577, 40.017786856513304, 13.078840080548325]",646428
356,"['31618321', '32988382', '31618475', '31618405', '34129942']","[410.0400223199819, 132.63339987139267, 89.84182140016723, 33.91712771021427, 13.078840080548325]",438791
357,"['35609273', '35609252']","[85.28509666770042, 34.788990684693694]",595735
358,"['32988382', '31618475']","[132.63339987139267, 89.84182140016723]",101327
359,"['32842551', '32078970', '32078795', '32079082', '32078935']","[182.36516456806467, 62.622532437596284, 40.017786856513304, 11.309078758771438, 1.8983611955475592]",721860
360,"['32078795', '32078970', '32842551', '32078935']","[215.5980103587207, 179.82504180651014, 179.63390130187565, 46.630957100973724]",35569
361,"['31618321', '31618475', '32988382', '34129942', '31618405']","[410.0400223199819, 222.9675327068517, 209.9403676644521, 52.49113365886005, 33.91712771021427]",279901
362,"['32988382', '31618475']","[132.63339987139267, 89.84182140016723]",260209
363,"['31618321', '32988382', '31618475', '35609273', '35609252', '31618405', '34129942']","[410.0400223199819, 142.63741178984728, 98.74240426637577, 85.28509666770042, 34.788990684693694, 33.91712771021427, 13.078840080548325]",642339
364,"['31618321', '31618475', '32988382', '34129942', '31618405']","[410.0400223199819, 222.9675327068517, 209.9403676644521, 52.49113365886005, 33.91712771021427]",410877
365,"['36298381', '32988382', '31618475', '34129942']","[283.57762730470984, 142.63741178984728, 98.74240426637577, 13.078840080548325]",595158
366,"['32988382', '31618475', '31047450', '31047464', '34129942']","[142.63741178984728, 98.74240426637577, 50.04485816878652, 40.49780994595678, 13.078840080548325]",498360
367,['32078795'],[40.017786856513304],836621
368,"['35609273', '35609252']","[85.28509666770042, 34.788990684693694]",321307
369,"['31618321', '31618475', '32078795', '32988382', '32078970', '32842551', '34129942', '32078935', '31618405']","[410.0400223199819, 222.9675327068517, 215.5980103587207, 209.9403676644521, 179.82504180651014, 179.63390130187565, 52.49113365886005, 46.630957100973724, 33.91712771021427]",229394
370,['32078795'],[40.017786856513304],333882
371,"['32078795', '32078970', '32842551', '32078935']","[215.5980103587207, 179.82504180651014, 179.63390130187565, 46.630957100973724]",659082
372,"['35609273', '35609252']","[85.28509666770042, 34.788990684693694]",409184
373,"['32078795', '32078970', '32842551', '32078935']","[215.5980103587207, 179.82504180651014, 179.63390130187565, 46.630957100973724]",221346
374,"['31618321', '32988382', '31618475', '31618405', '34129942']","[410.0400223199819, 132.63339987139267, 89.84182140016723, 33.91712771021427, 13.078840080548325]",646339
375,"['32078795', '32078970', '32842551', '32078935']","[215.5980103587207, 179.82504180651014, 179.63390130187565, 46.630957100973724]",25828
376,['36298381'],[283.57762730470984],439038
377,"['31618321', '32988382', '31618475', '31618405', '34129942']","[410.0400223199819, 132.63339987139267, 89.84182140016723, 33.91712771021427, 13.078840080548325]",351733
378,"['35609273', '35609252']","[85.28509666770042, 34.788990684693694]",248835
379,"['32988382', '31618475', '35609273', '35609252', '34129942']","[132.63339987139267, 89.84182140016723, 85.28509666770042, 34.788990684693694, 13.078840080548325]",255345
380,['36298381'],[283.57762730470984],186903
381,"['32078795', '32078970']","[40.017786856513304, 19.940030652670576]",448046
382,"['32078970', '32078795', '35609273', '32842551', '35609252']","[528.9564844490574, 117.72593926855643, 85.28509666770042, 83.09635618345413, 34.788990684693694]",210638
383,"['32078795', '32842551', '32078970', '32079082', '32078935']","[203.95420668571163, 182.36516456806467, 62.622532437596284, 11.309078758771438, 1.8983611955475592]",412332
384,"['32078970', '32078795', '32842551']","[528.9564844490574, 117.72593926855643, 83.09635618345413]",260830
385,['36298381'],[283.57762730470984],37524
386,"['35609273', '35609252']","[85.28509666770042, 34.788990684693694]",579030
387,"['35609273', '35609252']","[85.28509666770042, 34.788990684693694]",343654
388,"['32078970', '32078795', '35609273', '32842551', '35609252']","[528.9564844490574, 117.72593926855643, 85.28509666770042, 83.09635618345413, 34.788990684693694]",446611
389,"['31618321', '31618475', '32988382', '34129942', '31618405']","[410.0400223199819, 222.9675327068517, 209.9403676644521, 52.49113365886005, 33.91712771021427]",617254
390,"['31047450', '31047464']","[50.04485816878652, 40.49780994595678]",579804
391,"['31618321', '32988382', '31618475', '31618405', '34129942']","[410.0400223199819, 132.63339987139267, 89.84182140016723, 33.91712771021427, 13.078840080548325]",328476
392,['36298381'],[283.57762730470984],190702
393,"['31618321', '31618475', '32988382', '34129942', '31618405']","[410.0400223199819, 222.9675327068517, 209.9403676644521, 52.49113365886005, 33.91712771021427]",425511
394,['36298381'],[283.57762730470984],480612
395,"['32078795', '32842551', '32078970', '31047450', '31047464', '32079082', '32078935']","[203.95420668571163, 182.36516456806467, 62.622532437596284, 50.04485816878652, 40.49780994595678, 11.309078758771438, 1.8983611955475592]",270123
396,"['31047450', '31047464']","[50.04485816878652, 40.49780994595678]",528215
397,"['36298381', '35609273', '35609252']","[283.57762730470984, 85.28509666770042, 34.788990684693694]",388419
398,"['32078795', '32842551', '32078970', '32079082', '32078935']","[203.95420668571163, 182.36516456806467, 62.622532437596284, 11.309078758771438, 1.8983611955475592]",340750
399,"['32078795', '32842551', '32078970', '32079082', '32078935']","[203.95420668571163, 182.36516456806467, 62.622532437596284, 11.309078758771438, 1.8983611955475592]",506849
400,"['32078795', '32842551', '32078970', '32079082', '32078935']","[203.95420668571163, 182.36516456806467, 62.622532437596284, 11.309078758771438, 1.8983611955475592]",453040
401,"['32842551', '32078970', '32078795', '32079082', '32078935']","[182.36516456806467, 62.622532437596284, 40.017786856513304, 11.309078758771438, 1.8983611955475592]",591066
402,"['32078795', '32078970', '32842551', '32078935']","[215.5980103587207, 179.82504180651014, 179.63390130187565, 46.630957100973724]",520626
403,"['32078795', '32078970', '32842551', '32078935']","[215.5980103587207, 179.82504180651014, 179.63390130187565, 46.630957100973724]",374651
404,"['32078970', '32078795', '32842551']","[528.9564844490574, 117.72593926855643, 83.09635618345413]",6263
405,"['32078795', '32842551', '32078970', '32079082', '32078935']","[203.95420668571163, 182.36516456806467, 62.622532437596284, 11.309078758771438, 1.8983611955475592]",487989
406,"['32988382', '31618475']","[132.63339987139267, 89.84182140016723]",320898
407,"['32842551', '32078970', '32078795', '32079082', '32078935']","[182.36516456806467, 62.622532437596284, 40.017786856513304, 11.309078758771438, 1.8983611955475592]",674349
408,"['35609273', '35609252']","[85.28509666770042, 34.788990684693694]",421203
409,"['32078795', '32078970', '32842551', '32078935']","[215.5980103587207, 179.82504180651014, 179.63390130187565, 46.630957100973724]",573694
410,"['35609273', '35609252']","[85.28509666770042, 34.788990684693694]",204425
411,"['35609273', '35609252']","[85.28509666770042, 34.788990684693694]",173604
412,"['32078795', '32842551', '32078970', '32079082', '32078935']","[203.95420668571163, 182.36516456806467, 62.622532437596284, 11.309078758771438, 1.8983611955475592]",213262
413,"['32078970', '36298381', '32078795', '32842551']","[528.9564844490574, 283.57762730470984, 117.72593926855643, 83.09635618345413]",287266
414,"['32078795', '32078970', '32842551', '32078935']","[215.5980103587207, 179.82504180651014, 179.63390130187565, 46.630957100973724]",371594
415,"['32842551', '35609273', '32078970', '32078795', '35609252', '32079082', '32078935']","[182.36516456806467, 85.28509666770042, 62.622532437596284, 40.017786856513304, 34.788990684693694, 11.309078758771438, 1.8983611955475592]",283354
416,"['31047450', '31047464']","[50.04485816878652, 40.49780994595678]",267182
417,"['35609273', '35609252']","[85.28509666770042, 34.788990684693694]",16565
418,"['31047450', '31047464']","[50.04485816878652, 40.49780994595678]",680876
419,"['35609273', '35609252']","[85.28509666770042, 34.788990684693694]",481330
420,"['36298381', '32842551', '32078970', '32078795', '32079082', '32078935']","[283.57762730470984, 182.36516456806467, 62.622532437596284, 40.017786856513304, 11.309078758771438, 1.8983611955475592]",161431
421,"['31618321', '32988382', '31618475', '31618405', '34129942']","[410.0400223199819, 132.63339987139267, 89.84182140016723, 33.91712771021427, 13.078840080548325]",104888
422,"['32078795', '32078970', '32842551', '32078935']","[215.5980103587207, 179.82504180651014, 179.63390130187565, 46.630957100973724]",571285
423,['36298381'],[283.57762730470984],55968
424,"['35609273', '31047450', '31047464', '35609252']","[85.28509666770042, 50.04485816878652, 40.49780994595678, 34.788990684693694]",126062
425,"['32078795', '32078970', '32842551', '31047450', '32078935', '31047464']","[215.5980103587207, 179.82504180651014, 179.63390130187565, 50.04485816878652, 46.630957100973724, 40.49780994595678]",674280
426,"['32988382', '31618475', '35609273', '35609252']","[132.63339987139267, 89.84182140016723, 85.28509666770042, 34.788990684693694]",337343
427,"['31618321', '32988382', '31618475', '31618405', '34129942']","[410.0400223199819, 132.63339987139267, 89.84182140016723, 33.91712771021427, 13.078840080548325]",530704
428,"['35609273', '35609252']","[85.28509666770042, 34.788990684693694]",563808
429,"['32078795', '32842551', '32078970', '32079082', '32078935']","[203.95420668571163, 182.36516456806467, 62.622532437596284, 11.309078758771438, 1.8983611955475592]",523294
430,"['32078795', '32842551', '32078970', '32079082', '32078935']","[203.95420668571163, 182.36516456806467, 62.622532437596284, 11.309078758771438, 1.8983611955475592]",554251
431,"['32078970', '32078795', '32842551']","[528.9564844490574, 117.72593926855643, 83.09635618345413]",604205
432,"['31618321', '31618475', '32988382', '34129942', '31618405']","[410.0400223199819, 222.9675327068517, 209.9403676644521, 52.49113365886005, 33.91712771021427]",651694
433,"['32988382', '31618475', '34129942']","[132.63339987139267, 89.84182140016723, 13.078840080548325]",557598
434,"['36298381', '35609273', '35609252']","[283.57762730470984, 85.28509666770042, 34.788990684693694]",28019
435,"['35609273', '35609252']","[85.28509666770042, 34.788990684693694]",199362
436,"['32078795', '32842551', '32078970', '32079082', '32078935']","[203.95420668571163, 182.36516456806467, 62.622532437596284, 11.309078758771438, 1.8983611955475592]",333784
437,"['36298381', '32078795', '32842551', '32078970', '32079082', '32078935']","[283.57762730470984, 203.95420668571163, 182.36516456806467, 62.622532437596284, 11.309078758771438, 1.8983611955475592]",667883
438,"['31618321', '36298381', '31618475', '32988382', '35609273', '34129942', '35609252', '31618405']","[410.0400223199819, 283.57762730470984, 222.9675327068517, 209.9403676644521, 85.28509666770042, 52.49113365886005, 34.788990684693694, 33.91712771021427]",380579
439,"['32988382', '31618475', '34129942']","[142.63741178984728, 98.74240426637577, 13.078840080548325]",452733
440,"['32078795', '32842551', '32078970', '32079082', '32078935']","[203.95420668571163, 182.36516456806467, 62.622532437596284, 11.309078758771438, 1.8983611955475592]",402534
441,['32078795'],[40.017786856513304],320328
442,"['35609273', '35609252']","[85.28509666770042, 34.788990684693694]",160196
443,"['31047450', '31047464']","[50.04485816878652, 40.49780994595678]",380379
444,"['31618321', '31618475', '32988382', '34129942', '31618405']","[410.0400223199819, 222.9675327068517, 209.9403676644521, 52.49113365886005, 33.91712771021427]",262766
445,"['35609273', '35609252']","[85.28509666770042, 34.788990684693694]",8617
446,"['35609273', '35609252']","[85.28509666770042, 34.788990684693694]",456262
447,"['32988382', '31618475', '35609273', '35609252', '34129942']","[142.63741178984728, 98.74240426637577, 85.28509666770042, 34.788990684693694, 13.078840080548325]",770026
448,['32078795'],[40.017786856513304],310296
449,"['32842551', '32078970', '32078795', '32079082', '32078935']","[182.36516456806467, 62.622532437596284, 40.017786856513304, 11.309078758771438, 1.8983611955475592]",489326
450,"['31047450', '31047464']","[50.04485816878652, 40.49780994595678]",335942
451,"['35609273', '35609252']","[85.28509666770042, 34.788990684693694]",416494
452,"['31047450', '31047464']","[50.04485816878652, 40.49780994595678]",63051
453,"['32078795', '32842551', '32078970', '32079082', '32078935']","[203.95420668571163, 182.36516456806467, 62.622532437596284, 11.309078758771438, 1.8983611955475592]",412345
454,"['32988382', '31618475', '34129942']","[142.63741178984728, 98.74240426637577, 13.078840080548325]",157932
455,"['35609273', '31047450', '31047464', '35609252']","[85.28509666770042, 50.04485816878652, 40.49780994595678, 34.788990684693694]",595952
456,"['32078970', '36298381', '32078795', '32842551']","[528.9564844490574, 283.57762730470984, 117.72593926855643, 83.09635618345413]",291508
457,"['32988382', '31618475', '34129942']","[142.63741178984728, 98.74240426637577, 13.078840080548325]",156309
458,"['32078795', '32078970', '32842551', '32078935']","[215.5980103587207, 179.82504180651014, 179.63390130187565, 46.630957100973724]",621871
459,"['35609273', '35609252']","[85.28509666770042, 34.788990684693694]",572968
460,"['31618321', '36298381', '31618475', '32988382', '35609273', '34129942', '35609252', '31618405']","[410.0400223199819, 283.57762730470984, 222.9675327068517, 209.9403676644521, 85.28509666770042, 52.49113365886005, 34.788990684693694, 33.91712771021427]",5014
461,"['36298381', '35609273', '35609252']","[283.57762730470984, 85.28509666770042, 34.788990684693694]",344298
462,"['36298381', '31047450', '31047464']","[283.57762730470984, 50.04485816878652, 40.49780994595678]",455179
463,['32078970'],[19.940030652670576],211987
464,"['32078970', '32078795', '32842551']","[528.9564844490574, 117.72593926855643, 83.09635618345413]",527387
465,['36298381'],[283.57762730470984],624382
466,"['32988382', '31618475', '34129942']","[142.63741178984728, 98.74240426637577, 13.078840080548325]",63077
467,"['32078795', '32842551', '32078970', '32079082', '32078935']","[203.95420668571163, 182.36516456806467, 62.622532437596284, 11.309078758771438, 1.8983611955475592]",262847
468,"['35609273', '35609252']","[85.28509666770042, 34.788990684693694]",58504
469,"['32988382', '31618475', '34129942']","[132.63339987139267, 89.84182140016723, 13.078840080548325]",761687
470,"['35609273', '35609252']","[85.28509666770042, 34.788990684693694]",306670
471,"['35609273', '35609252']","[85.28509666770042, 34.788990684693694]",807827
472,"['32078795', '32078970', '32842551', '32078935']","[215.5980103587207, 179.82504180651014, 179.63390130187565, 46.630957100973724]",597004
473,"['32078795', '32078970', '32842551', '32078935']","[215.5980103587207, 179.82504180651014, 179.63390130187565, 46.630957100973724]",231261
474,"['31618321', '32988382', '31618475', '31618405', '34129942']","[410.0400223199819, 142.63741178984728, 98.74240426637577, 33.91712771021427, 13.078840080548325]",573443
475,['36298381'],[283.57762730470984],445623
476,"['31618321', '32988382', '31618475', '31618405', '34129942']","[410.0400223199819, 142.63741178984728, 98.74240426637577, 33.91712771021427, 13.078840080548325]",53069
477,"['32078795', '32842551', '35609273', '32078970', '35609252', '32079082', '32078935']","[203.95420668571163, 182.36516456806467, 85.28509666770042, 62.622532437596284, 34.788990684693694, 11.309078758771438, 1.8983611955475592]",174909
478,"['35609273', '35609252']","[85.28509666770042, 34.788990684693694]",71021
479,"['31047450', '31047464']","[50.04485816878652, 40.49780994595678]",152747
480,"['35609273', '35609252']","[85.28509666770042, 34.788990684693694]",262849
481,"['35609273', '35609252']","[85.28509666770042, 34.788990684693694]",696124
482,['32078970'],[19.940030652670576],145574
483,"['31618321', '32988382', '31618475', '31618405', '34129942']","[410.0400223199819, 142.63741178984728, 98.74240426637577, 33.91712771021427, 13.078840080548325]",25876
484,"['32078795', '32842551', '32078970', '32079082', '32078935']","[203.95420668571163, 182.36516456806467, 62.622532437596284, 11.309078758771438, 1.8983611955475592]",332597
485,"['32078970', '31618321', '31618475', '32988382', '32078795', '32842551', '34129942', '31618405']","[528.9564844490574, 410.0400223199819, 222.9675327068517, 209.9403676644521, 117.72593926855643, 83.09635618345413, 52.49113365886005, 33.91712771021427]",388966
486,"['32988382', '31618475']","[132.63339987139267, 89.84182140016723]",515711
487,['36298381'],[283.57762730470984],697081
488,"['32988382', '31618475', '34129942']","[132.63339987139267, 89.84182140016723, 13.078840080548325]",357139
489,"['31618321', '32988382', '31618475', '31618405', '34129942']","[410.0400223199819, 132.63339987139267, 89.84182140016723, 33.91712771021427, 13.078840080548325]",613885
490,"['36298381', '32988382', '31618475', '34129942']","[283.57762730470984, 142.63741178984728, 98.74240426637577, 13.078840080548325]",480548
491,"['31618321', '32988382', '31618475', '31618405', '34129942']","[410.0400223199819, 132.63339987139267, 89.84182140016723, 33.91712771021427, 13.078840080548325]",409131
492,"['31047450', '31047464', '32078795']","[50.04485816878652, 40.49780994595678, 40.017786856513304]",202271
493,"['32078795', '32842551', '32078970']","[117.72593926855643, 83.09635618345413, 19.940030652670576]",279098
494,"['32078970', '32078795', '32842551']","[528.9564844490574, 117.72593926855643, 83.09635618345413]",605377
495,"['31618321', '31618475', '32988382', '34129942', '31618405']","[410.0400223199819, 222.9675327068517, 209.9403676644521, 52.49113365886005, 33.91712771021427]",188168
496,"['35609273', '35609252']","[85.28509666770042, 34.788990684693694]",336607
497,"['31618321', '32988382', '31618475', '31618405', '34129942']","[410.0400223199819, 132.63339987139267, 89.84182140016723, 33.91712771021427, 13.078840080548325]",203894
498,"['32842551', '32078970', '32078795', '32079082', '32078935']","[182.36516456806467, 62.622532437596284, 40.017786856513304, 11.309078758771438, 1.8983611955475592]",1593
499,"['32078795', '32842551', '32078970', '32079082', '32078935']","[203.95420668571163, 182.36516456806467, 62.622532437596284, 11.309078758771438, 1.8983611955475592]",190949
500,"['32078795', '32078970', '32842551', '35609273', '32078935', '35609252']","[215.5980103587207, 179.82504180651014, 179.63390130187565, 85.28509666770042, 46.630957100973724, 34.788990684693694]",742359
501,"['32078795', '32078970', '32842551', '32078935']","[215.5980103587207, 179.82504180651014, 179.63390130187565, 46.630957100973724]",496513
502,"['31618321', '31618475', '32988382', '34129942', '31047450', '31047464', '31618405']","[410.0400223199819, 222.9675327068517, 209.9403676644521, 52.49113365886005, 50.04485816878652, 40.49780994595678, 33.91712771021427]",453809
503,"['32842551', '32078970', '32078795', '32079082', '32078935']","[182.36516456806467, 62.622532437596284, 40.017786856513304, 11.309078758771438, 1.8983611955475592]",23380
504,"['31618321', '31618475', '32988382', '34129942', '31618405']","[410.0400223199819, 222.9675327068517, 209.9403676644521, 52.49113365886005, 33.91712771021427]",307585
505,"['31618321', '31618475', '32988382', '32078795', '32842551', '34129942', '31618405', '32078970']","[410.0400223199819, 222.9675327068517, 209.9403676644521, 117.72593926855643, 83.09635618345413, 52.49113365886005, 33.91712771021427, 19.940030652670576]",784533
506,"['32078795', '32842551', '32078970', '32079082', '32078935']","[203.95420668571163, 182.36516456806467, 62.622532437596284, 11.309078758771438, 1.8983611955475592]",101348
507,"['31618321', '36298381', '31618475', '32988382', '35609273', '34129942', '35609252', '31618405']","[410.0400223199819, 283.57762730470984, 222.9675327068517, 209.9403676644521, 85.28509666770042, 52.49113365886005, 34.788990684693694, 33.91712771021427]",326659
508,"['32078795', '32842551', '32078970', '32079082', '32078935']","[203.95420668571163, 182.36516456806467, 62.622532437596284, 11.309078758771438, 1.8983611955475592]",736837
509,"['31618321', '32988382', '31618475', '31618405', '34129942']","[410.0400223199819, 132.63339987139267, 89.84182140016723, 33.91712771021427, 13.078840080548325]",336992
510,"['31618321', '32988382', '31618475', '31618405', '34129942']","[410.0400223199819, 142.63741178984728, 98.74240426637577, 33.91712771021427, 13.078840080548325]",274694
511,"['35609273', '35609252']","[85.28509666770042, 34.788990684693694]",392085
512,"['31047450', '31047464']","[50.04485816878652, 40.49780994595678]",351468
513,"['31618321', '32988382', '31618475', '31618405', '34129942']","[410.0400223199819, 142.63741178984728, 98.74240426637577, 33.91712771021427, 13.078840080548325]",435602
514,"['32078970', '32078795', '32842551']","[528.9564844490574, 117.72593926855643, 83.09635618345413]",519995
515,"['32078795', '32842551', '32078970', '32079082', '32078935']","[203.95420668571163, 182.36516456806467, 62.622532437596284, 11.309078758771438, 1.8983611955475592]",55418
516,['36298381'],[283.57762730470984],190895
517,"['32842551', '32078970', '32078795', '32079082', '32078935']","[182.36516456806467, 62.622532437596284, 40.017786856513304, 11.309078758771438, 1.8983611955475592]",589186
518,"['35609273', '35609252']","[85.28509666770042, 34.788990684693694]",32290
519,"['32988382', '31618475', '35609273', '35609252']","[132.63339987139267, 89.84182140016723, 85.28509666770042, 34.788990684693694]",105600
520,"['32078970', '36298381', '32078795', '32842551']","[528.9564844490574, 283.57762730470984, 117.72593926855643, 83.09635618345413]",366024
521,"['31047450', '31047464']","[50.04485816878652, 40.49780994595678]",702010
522,"['32078795', '32078970', '32842551', '32078935']","[215.5980103587207, 179.82504180651014, 179.63390130187565, 46.630957100973724]",240936
523,['32078795'],[40.017786856513304],372433
524,"['31618321', '32988382', '31618475', '31618405', '34129942']","[410.0400223199819, 132.63339987139267, 89.84182140016723, 33.91712771021427, 13.078840080548325]",443665
525,"['35609273', '35609252']","[85.28509666770042, 34.788990684693694]",586850
526,"['35609273', '35609252']","[85.28509666770042, 34.788990684693694]",439907
527,"['32078795', '32078970', '32842551', '32078935']","[215.5980103587207, 179.82504180651014, 179.63390130187565, 46.630957100973724]",308497
528,"['31047450', '31047464']","[50.04485816878652, 40.49780994595678]",27522
529,"['35609273', '35609252']","[85.28509666770042, 34.788990684693694]",96909
530,"['32078795', '32078970', '32842551', '32078935']","[215.5980103587207, 179.82504180651014, 179.63390130187565, 46.630957100973724]",20624
531,"['36298381', '32078795', '32078970', '32842551', '32078935']","[283.57762730470984, 215.5980103587207, 179.82504180651014, 179.63390130187565, 46.630957100973724]",217268
532,"['31047450', '31047464']","[50.04485816878652, 40.49780994595678]",409099
533,['36298381'],[283.57762730470984],173656
534,"['31618321', '31618475', '32988382', '35609273', '34129942', '35609252', '31618405']","[410.0400223199819, 222.9675327068517, 209.9403676644521, 85.28509666770042, 52.49113365886005, 34.788990684693694, 33.91712771021427]",50869
535,"['35609273', '35609252']","[85.28509666770042, 34.788990684693694]",523270
536,"['35609273', '31047450', '31047464', '35609252']","[85.28509666770042, 50.04485816878652, 40.49780994595678, 34.788990684693694]",456115
537,"['32078970', '32078795', '32842551']","[528.9564844490574, 117.72593926855643, 83.09635618345413]",333790
538,"['31618321', '32988382', '31618475', '31618405', '34129942']","[410.0400223199819, 132.63339987139267, 89.84182140016723, 33.91712771021427, 13.078840080548325]",112962
539,['36298381'],[283.57762730470984],306650
540,"['31047450', '31047464']","[50.04485816878652, 40.49780994595678]",654752
541,"['32988382', '31618475', '34129942']","[132.63339987139267, 89.84182140016723, 13.078840080548325]",496884
542,"['32988382', '31618475', '34129942']","[132.63339987139267, 89.84182140016723, 13.078840080548325]",348130
543,"['32078795', '32842551', '32078970', '32079082', '32078935']","[203.95420668571163, 182.36516456806467, 19.940030652670576, 11.309078758771438, 1.8983611955475592]",430547
544,"['32988382', '31618475', '34129942']","[142.63741178984728, 98.74240426637577, 13.078840080548325]",292474
545,"['35609273', '35609252']","[85.28509666770042, 34.788990684693694]",475136
546,"['32988382', '31618475', '34129942']","[132.63339987139267, 89.84182140016723, 13.078840080548325]",114681
547,"['32078795', '32842551', '32078970', '32079082', '32078935']","[203.95420668571163, 182.36516456806467, 62.622532437596284, 11.309078758771438, 1.8983611955475592]",495352
548,"['32078795', '32842551', '32078970', '32079082', '32078935']","[203.95420668571163, 182.36516456806467, 62.622532437596284, 11.309078758771438, 1.8983611955475592]",341820
549,"['31618321', '32988382', '31618475', '31618405', '34129942']","[410.0400223199819, 132.63339987139267, 89.84182140016723, 33.91712771021427, 13.078840080548325]",219520
550,"['31618321', '36298381', '31618475', '32988382', '34129942', '31047450', '31047464', '31618405']","[410.0400223199819, 283.57762730470984, 222.9675327068517, 209.9403676644521, 52.49113365886005, 50.04485816878652, 40.49780994595678, 33.91712771021427]",166530
551,"['31618321', '31618475', '32988382', '34129942', '31618405']","[410.0400223199819, 222.9675327068517, 209.9403676644521, 52.49113365886005, 33.91712771021427]",212662
552,"['32078795', '32078970', '32842551', '32078935']","[215.5980103587207, 179.82504180651014, 179.63390130187565, 46.630957100973724]",816692
553,"['32078795', '32842551', '35609273', '32078970', '35609252', '32079082', '32078935']","[203.95420668571163, 182.36516456806467, 85.28509666770042, 62.622532437596284, 34.788990684693694, 11.309078758771438, 1.8983611955475592]",117771
554,"['32078795', '32078970', '32842551', '32078935']","[215.5980103587207, 179.82504180651014, 179.63390130187565, 46.630957100973724]",210562
555,['32078795'],[40.017786856513304],638555
556,"['36298381', '35609273', '35609252']","[283.57762730470984, 85.28509666770042, 34.788990684693694]",125859
557,"['31047450', '31047464']","[50.04485816878652, 40.49780994595678]",31260
558,"['32078795', '32078970', '32842551', '32078935']","[215.5980103587207, 179.82504180651014, 179.63390130187565, 46.630957100973724]",616204
559,"['31047450', '31047464']","[50.04485816878652, 40.49780994595678]",369019
560,"['32078795', '32078970', '32842551', '32078935']","[215.5980103587207, 179.82504180651014, 179.63390130187565, 46.630957100973724]",444517
561,"['31047450', '31047464', '32078970']","[50.04485816878652, 40.49780994595678, 19.940030652670576]",117955
562,['32078970'],[19.940030652670576],538587
563,"['31047450', '31047464']","[50.04485816878652, 40.49780994595678]",655524
564,"['32988382', '31618475']","[132.63339987139267, 89.84182140016723]",402059
565,"['35609273', '35609252']","[85.28509666770042, 34.788990684693694]",530265
566,"['31047450', '31047464']","[50.04485816878652, 40.49780994595678]",278165
567,"['31618321', '32988382', '31618475', '31618405', '34129942']","[410.0400223199819, 132.63339987139267, 89.84182140016723, 33.91712771021427, 13.078840080548325]",297638
568,"['31618321', '31618475', '32988382', '34129942', '31618405']","[410.0400223199819, 222.9675327068517, 209.9403676644521, 52.49113365886005, 33.91712771021427]",103051
569,"['32078795', '32078970', '32842551', '32988382', '31618475', '32078935']","[215.5980103587207, 179.82504180651014, 179.63390130187565, 132.63339987139267, 89.84182140016723, 46.630957100973724]",260062
570,"['32078795', '32078970', '32842551', '32078935']","[215.5980103587207, 179.82504180651014, 179.63390130187565, 46.630957100973724]",700056
571,"['31047450', '31047464']","[50.04485816878652, 40.49780994595678]",368198
572,['36298381'],[283.57762730470984],174006
573,"['31618321', '32988382', '31618475', '31618405', '34129942']","[410.0400223199819, 132.63339987139267, 89.84182140016723, 33.91712771021427, 13.078840080548325]",417680
574,"['35609273', '35609252']","[85.28509666770042, 34.788990684693694]",17717
575,"['32078795', '32842551', '32078970', '32079082', '32078935']","[203.95420668571163, 182.36516456806467, 62.622532437596284, 11.309078758771438, 1.8983611955475592]",173918
576,"['35609273', '35609252']","[85.28509666770042, 34.788990684693694]",472592
577,['36298381'],[283.57762730470984],85311
578,"['31618321', '32988382', '31618475', '31618405', '34129942']","[410.0400223199819, 132.63339987139267, 89.84182140016723, 33.91712771021427, 13.078840080548325]",5882
579,"['35609273', '32078795', '35609252']","[85.28509666770042, 40.017786856513304, 34.788990684693694]",385379
580,"['31618321', '32988382', '31618475', '31618405', '34129942']","[410.0400223199819, 132.63339987139267, 89.84182140016723, 33.91712771021427, 13.078840080548325]",578435
581,"['31047450', '31047464']","[50.04485816878652, 40.49780994595678]",424557
582,"['35609273', '35609252']","[85.28509666770042, 34.788990684693694]",267066
583,"['32078970', '32078795', '32842551']","[528.9564844490574, 117.72593926855643, 83.09635618345413]",297406
584,['36298381'],[283.57762730470984],27982
585,"['35609273', '35609252']","[85.28509666770042, 34.788990684693694]",636064
586,"['32988382', '31618475', '34129942']","[132.63339987139267, 89.84182140016723, 13.078840080548325]",315514
587,['32078795'],[40.017786856513304],186602
588,"['32988382', '31618475', '34129942']","[142.63741178984728, 98.74240426637577, 13.078840080548325]",719144
589,"['32988382', '31618475']","[132.63339987139267, 89.84182140016723]",229393
590,"['32078795', '32078970', '32842551', '32078935']","[215.5980103587207, 179.82504180651014, 179.63390130187565, 46.630957100973724]",583194
591,"['32078795', '32078970', '32842551', '35609273', '32078935', '35609252']","[215.5980103587207, 179.82504180651014, 179.63390130187565, 85.28509666770042, 46.630957100973724, 34.788990684693694]",71437
592,"['31618321', '31618475', '32988382', '34129942', '31618405']","[410.0400223199819, 222.9675327068517, 209.9403676644521, 52.49113365886005, 33.91712771021427]",214034
593,"['35609273', '35609252']","[85.28509666770042, 34.788990684693694]",490456
594,"['32078795', '32078970', '32842551', '35609273', '31047450', '32078935', '31047464', '35609252']","[215.5980103587207, 179.82504180651014, 179.63390130187565, 85.28509666770042, 50.04485816878652, 46.630957100973724, 40.49780994595678, 34.788990684693694]",551104
595,"['32078970', '32078795', '32842551']","[528.9564844490574, 117.72593926855643, 83.09635618345413]",470656
596,"['32078795', '32078970', '32842551', '32078935']","[215.5980103587207, 179.82504180651014, 179.63390130187565, 46.630957100973724]",566930
597,"['36298381', '35609273', '31047450', '31047464', '35609252']","[283.57762730470984, 85.28509666770042, 50.04485816878652, 40.49780994595678, 34.788990684693694]",455627
598,"['31047450', '31047464']","[50.04485816878652, 40.49780994595678]",537759
599,"['31047450', '31047464']","[50.04485816878652, 40.49780994595678]",149152
600,"['31047450', '31047464']","[50.04485816878652, 40.49780994595678]",219232
601,"['32078795', '32078970', '32842551', '32078935']","[215.5980103587207, 179.82504180651014, 179.63390130187565, 46.630957100973724]",279502
602,['32078795'],[40.017786856513304],165186
603,"['32078795', '32078970', '32842551', '32078935']","[215.5980103587207, 179.82504180651014, 179.63390130187565, 46.630957100973724]",252200
604,"['32078970', '31618321', '36298381', '31618475', '32988382', '32078795', '32842551', '34129942', '31618405']","[528.9564844490574, 410.0400223199819, 283.57762730470984, 222.9675327068517, 209.9403676644521, 117.72593926855643, 83.09635618345413, 52.49113365886005, 33.91712771021427]",462115
605,"['31618321', '32988382', '31618475', '31618405', '34129942']","[410.0400223199819, 132.63339987139267, 89.84182140016723, 33.91712771021427, 13.078840080548325]",535504
606,"['31618321', '32988382', '31618475', '31047450', '31047464', '31618405', '34129942']","[410.0400223199819, 142.63741178984728, 98.74240426637577, 50.04485816878652, 40.49780994595678, 33.91712771021427, 13.078840080548325]",10487
607,"['31618321', '32988382', '31618475', '31618405', '34129942']","[410.0400223199819, 132.63339987139267, 89.84182140016723, 33.91712771021427, 13.078840080548325]",70701
608,"['31618321', '31618475', '32988382', '34129942', '31618405']","[410.0400223199819, 222.9675327068517, 209.9403676644521, 52.49113365886005, 33.91712771021427]",198157
609,"['32078795', '32842551', '32078970', '32079082', '32078935']","[203.95420668571163, 182.36516456806467, 62.622532437596284, 11.309078758771438, 1.8983611955475592]",234880
610,"['31618321', '31618475', '32988382', '34129942', '31618405']","[410.0400223199819, 222.9675327068517, 209.9403676644521, 52.49113365886005, 33.91712771021427]",426603
611,"['35609273', '35609252']","[85.28509666770042, 34.788990684693694]",280910
612,"['32988382', '31618475']","[132.63339987139267, 89.84182140016723]",9520
613,"['31047450', '31047464']","[50.04485816878652, 40.49780994595678]",651045
614,"['32078970', '32078795', '35609273', '32842551', '35609252']","[528.9564844490574, 117.72593926855643, 85.28509666770042, 83.09635618345413, 34.788990684693694]",646470
615,"['31618321', '32988382', '31618475', '31618405', '34129942']","[410.0400223199819, 132.63339987139267, 89.84182140016723, 33.91712771021427, 13.078840080548325]",161619
616,"['36298381', '35609273', '35609252']","[283.57762730470984, 85.28509666770042, 34.788990684693694]",170814
617,"['35609273', '31047450', '31047464', '35609252']","[85.28509666770042, 50.04485816878652, 40.49780994595678, 34.788990684693694]",5475
618,"['32078795', '32078970', '32842551', '32078935']","[215.5980103587207, 179.82504180651014, 179.63390130187565, 46.630957100973724]",332058
619,"['32988382', '31618475', '35609273', '35609252', '34129942']","[132.63339987139267, 89.84182140016723, 85.28509666770042, 34.788990684693694, 13.078840080548325]",66309
620,"['35609273', '35609252']","[85.28509666770042, 34.788990684693694]",301424
621,"['36298381', '35609273', '31047450', '31047464', '35609252']","[283.57762730470984, 85.28509666770042, 50.04485816878652, 40.49780994595678, 34.788990684693694]",97091
622,"['35609273', '31047450', '31047464', '35609252']","[85.28509666770042, 50.04485816878652, 40.49780994595678, 34.788990684693694]",507515
623,"['32078795', '32078970', '32842551', '32078935']","[215.5980103587207, 179.82504180651014, 179.63390130187565, 46.630957100973724]",462024
624,"['31047450', '31047464']","[50.04485816878652, 40.49780994595678]",452438
625,"['36298381', '35609273', '35609252', '32078970']","[283.57762730470984, 85.28509666770042, 34.788990684693694, 19.940030652670576]",80256
626,"['35609273', '31047450', '31047464', '35609252']","[85.28509666770042, 50.04485816878652, 40.49780994595678, 34.788990684693694]",708355
627,"['32078795', '32842551', '32078970', '32079082', '32078935']","[203.95420668571163, 182.36516456806467, 62.622532437596284, 11.309078758771438, 1.8983611955475592]",240583
628,"['31047450', '31047464']","[50.04485816878652, 40.49780994595678]",30422
629,"['31618321', '31618475', '32988382', '34129942', '31618405']","[410.0400223199819, 222.9675327068517, 209.9403676644521, 52.49113365886005, 33.91712771021427]",120748
630,"['32988382', '31618475', '31047450', '31047464', '34129942']","[132.63339987139267, 89.84182140016723, 50.04485816878652, 40.49780994595678, 13.078840080548325]",174486
631,"['31047450', '31047464', '32078970']","[50.04485816878652, 40.49780994595678, 19.940030652670576]",4741
632,"['32988382', '31618475']","[132.63339987139267, 89.84182140016723]",187783
633,"['32078795', '32078970', '32842551', '32078935']","[215.5980103587207, 179.82504180651014, 179.63390130187565, 46.630957100973724]",683089
634,"['31047450', '31047464']","[50.04485816878652, 40.49780994595678]",96655
635,"['31047450', '31047464']","[50.04485816878652, 40.49780994595678]",387324
636,"['35609273', '35609252', '32078970']","[85.28509666770042, 34.788990684693694, 19.940030652670576]",531648
637,"['32078795', '32078970', '32842551', '32078935']","[215.5980103587207, 179.82504180651014, 179.63390130187565, 46.630957100973724]",735014
638,"['32078970', '32078795', '32842551']","[528.9564844490574, 117.72593926855643, 83.09635618345413]",511218
639,"['36298381', '32078795', '32078970', '32842551', '32078935']","[283.57762730470984, 215.5980103587207, 179.82504180651014, 179.63390130187565, 46.630957100973724]",600419
640,"['36298381', '31047450', '31047464']","[283.57762730470984, 50.04485816878652, 40.49780994595678]",87311
641,"['31618321', '32988382', '31618475', '35609273', '35609252', '31618405', '34129942']","[410.0400223199819, 142.63741178984728, 98.74240426637577, 85.28509666770042, 34.788990684693694, 33.91712771021427, 13.078840080548325]",382116
642,"['35609273', '35609252']","[85.28509666770042, 34.788990684693694]",9396
643,"['35609273', '35609252', '32078970']","[85.28509666770042, 34.788990684693694, 19.940030652670576]",444020
